Image_name,index,gps_coordinate
images_00000.png,0,"[-27.50662, 152.91102183333334]"
images_00001.png,1,"[-27.50662, 152.91102183333334]"
images_00002.png,2,"[-27.50662, 152.91102183333334]"
images_00003.png,3,"[-27.50662, 152.91102183333334]"
images_00004.png,4,"[-27.50662, 152.91102183333334]"
images_00005.png,5,"[-27.50662, 152.91102183333334]"
images_00006.png,6,"[-27.50662, 152.91102183333334]"
images_00007.png,7,"[-27.50666, 152.91114033333332]"
images_00008.png,8,"[-27.50666, 152.91114033333332]"
images_00009.png,9,"[-27.506688, 152.9112835]"
images_00010.png,10,"[-27.506688, 152.9112835]"
images_00011.png,11,"[-27.506724666666667, 152.91147633333333]"
images_00012.png,12,"[-27.506745333333335, 152.911589]"
images_00013.png,13,"[-27.506767833333335, 152.9117135]"
images_00014.png,14,"[-27.506789666666666, 152.9118435]"
images_00015.png,15,"[-27.506811333333335, 152.91197383333332]"
images_00016.png,16,"[-27.5068295, 152.91210616666666]"
images_00017.png,17,"[-27.506847666666665, 152.91223933333333]"
images_00018.png,18,"[-27.506867166666666, 152.912372]"
images_00019.png,19,"[-27.506886166666668, 152.912506]"
images_00020.png,20,"[-27.506906833333332, 152.91264333333334]"
images_00021.png,21,"[-27.5069275, 152.91278433333332]"
images_00022.png,22,"[-27.506947666666665, 152.91292416666667]"
images_00023.png,23,"[-27.506968166666667, 152.9130605]"
images_00024.png,24,"[-27.506988833333335, 152.91319366666667]"
images_00025.png,25,"[-27.507009666666665, 152.91332483333332]"
images_00026.png,26,"[-27.5070305, 152.9134555]"
images_00027.png,27,"[-27.507055, 152.9135855]"
images_00028.png,28,"[-27.507076166666668, 152.91372283333334]"
images_00029.png,29,"[-27.507095166666666, 152.91385783333334]"
images_00030.png,30,"[-27.507115833333334, 152.913991]"
images_00031.png,31,"[-27.507137, 152.91412483333335]"
images_00032.png,32,"[-27.507159333333334, 152.91425483333333]"
images_00033.png,33,"[-27.507181, 152.91438333333332]"
images_00034.png,34,"[-27.507197166666668, 152.91450583333332]"
images_00035.png,35,"[-27.5072155, 152.91461833333332]"
images_00036.png,36,"[-27.5072155, 152.91461833333332]"
images_00037.png,37,"[-27.5072155, 152.91461833333332]"
images_00038.png,38,"[-27.5072155, 152.91461833333332]"
images_00039.png,39,"[-27.5072155, 152.91461833333332]"
images_00040.png,40,"[-27.507218833333333, 152.91486133333333]"
images_00041.png,41,"[-27.507218833333333, 152.91486133333333]"
images_00042.png,42,"[-27.507218833333333, 152.91486133333333]"
images_00043.png,43,"[-27.507293333333333, 152.91497733333333]"
images_00044.png,44,"[-27.507293333333333, 152.91497733333333]"
images_00045.png,45,"[-27.5074315, 152.9150365]"
images_00046.png,46,"[-27.5074315, 152.9150365]"
images_00047.png,47,"[-27.507618166666667, 152.91508516666667]"
images_00048.png,48,"[-27.507730666666667, 152.91510133333333]"
images_00049.png,49,"[-27.507852833333335, 152.91511166666666]"
images_00050.png,50,"[-27.507979166666665, 152.91511283333332]"
images_00051.png,51,"[-27.5081045, 152.91510366666665]"
images_00052.png,52,"[-27.508227333333334, 152.91508733333333]"
images_00053.png,53,"[-27.5083495, 152.9150715]"
images_00054.png,54,"[-27.508472333333334, 152.91505583333333]"
images_00055.png,55,"[-27.5085955, 152.91503966666667]"
images_00056.png,56,"[-27.508719666666668, 152.9150265]"
images_00057.png,57,"[-27.508844333333332, 152.91501566666668]"
images_00058.png,58,"[-27.508969666666665, 152.9150095]"
images_00059.png,59,"[-27.5090955, 152.91501583333334]"
images_00060.png,60,"[-27.5092195, 152.9150385]"
images_00061.png,61,"[-27.509338333333332, 152.9150785]"
images_00062.png,62,"[-27.50945, 152.91513533333332]"
images_00063.png,63,"[-27.509554166666668, 152.91520933333334]"
images_00064.png,64,"[-27.509649, 152.915298]"
images_00065.png,65,"[-27.509731333333335, 152.91539433333332]"
images_00066.png,66,"[-27.5098005, 152.91550483333333]"
images_00067.png,67,"[-27.5098575, 152.91562483333334]"
images_00068.png,68,"[-27.509901833333334, 152.9157525]"
images_00069.png,69,"[-27.509930333333333, 152.91588433333334]"
images_00070.png,70,"[-27.509944833333332, 152.91601816666667]"
images_00071.png,71,"[-27.509951333333333, 152.91615066666665]"
images_00072.png,72,"[-27.509960833333334, 152.91628033333333]"
images_00073.png,73,"[-27.509979666666666, 152.91640966666668]"
images_00074.png,74,"[-27.510013333333333, 152.91653933333333]"
images_00075.png,75,"[-27.5100595, 152.91666533333333]"
images_00076.png,76,"[-27.510116666666665, 152.91678783333333]"
images_00077.png,77,"[-27.510179666666666, 152.91690683333334]"
images_00078.png,78,"[-27.510244333333333, 152.91702333333333]"
images_00079.png,79,"[-27.510309666666668, 152.91713433333334]"
images_00080.png,80,"[-27.510372666666665, 152.91724533333334]"
images_00081.png,81,"[-27.5104345, 152.91735366666666]"
images_00082.png,82,"[-27.510490833333332, 152.917462]"
images_00083.png,83,"[-27.510537333333332, 152.9175735]"
images_00084.png,84,"[-27.510568, 152.91768966666666]"
images_00085.png,85,"[-27.510576666666665, 152.91780166666666]"
images_00086.png,86,"[-27.510570166666668, 152.91790233333333]"
images_00087.png,87,"[-27.510570166666668, 152.91790233333333]"
images_00088.png,88,"[-27.510587666666666, 152.91806316666666]"
images_00089.png,89,"[-27.510587666666666, 152.91806316666666]"
images_00090.png,90,"[-27.510690166666667, 152.91816333333333]"
images_00091.png,91,"[-27.510690166666667, 152.91816333333333]"
images_00092.png,92,"[-27.510839833333332, 152.91812133333335]"
images_00093.png,93,"[-27.510839833333332, 152.91812133333335]"
images_00094.png,94,"[-27.510998666666666, 152.918003]"
images_00095.png,95,"[-27.511094833333335, 152.917962]"
images_00096.png,96,"[-27.511202166666667, 152.91793566666666]"
images_00097.png,97,"[-27.5113165, 152.91792183333334]"
images_00098.png,98,"[-27.5114365, 152.9179105]"
images_00099.png,99,"[-27.511561333333333, 152.91789916666667]"
images_00100.png,100,"[-27.511690333333334, 152.9178865]"
images_00101.png,101,"[-27.511822666666667, 152.91787333333335]"
images_00102.png,102,"[-27.511957, 152.91786083333332]"
images_00103.png,103,"[-27.512092666666668, 152.917858]"
images_00104.png,104,"[-27.5122255, 152.91787033333333]"
images_00105.png,105,"[-27.512350666666666, 152.9179045]"
images_00106.png,106,"[-27.5124655, 152.9179605]"
images_00107.png,107,"[-27.5125695, 152.91803683333333]"
images_00108.png,108,"[-27.512661666666666, 152.9181315]"
images_00109.png,109,"[-27.512739833333335, 152.91824216666666]"
images_00110.png,110,"[-27.512814833333334, 152.9183595]"
images_00111.png,111,"[-27.512888333333333, 152.91847783333333]"
images_00112.png,112,"[-27.512963166666665, 152.9186]"
images_00113.png,113,"[-27.513037833333332, 152.9187215]"
images_00114.png,114,"[-27.513114333333334, 152.91884666666667]"
images_00115.png,115,"[-27.513187833333333, 152.91897433333332]"
images_00116.png,116,"[-27.513262666666666, 152.9190995]"
images_00117.png,117,"[-27.513341666666665, 152.91922316666665]"
images_00118.png,118,"[-27.513426833333334, 152.91934616666666]"
images_00119.png,119,"[-27.513522, 152.91946583333333]"
images_00120.png,120,"[-27.513625333333334, 152.91958216666666]"
images_00121.png,121,"[-27.513739166666667, 152.91968833333334]"
images_00122.png,122,"[-27.513855, 152.91978483333332]"
images_00123.png,123,"[-27.5139735, 152.91987783333335]"
images_00124.png,124,"[-27.514094333333333, 152.91996733333335]"
images_00125.png,125,"[-27.514214, 152.92005866666668]"
images_00126.png,126,"[-27.514329666666665, 152.92015416666666]"
images_00127.png,127,"[-27.5144485, 152.92024783333332]"
images_00128.png,128,"[-27.514569833333333, 152.92033766666665]"
images_00129.png,129,"[-27.514685166666666, 152.92043166666667]"
images_00130.png,130,"[-27.514797333333334, 152.92052416666667]"
images_00131.png,131,"[-27.514909333333332, 152.92061316666667]"
images_00132.png,132,"[-27.515021333333333, 152.92070283333334]"
images_00133.png,133,"[-27.515133166666665, 152.92079466666667]"
images_00134.png,134,"[-27.515241166666666, 152.920898]"
images_00135.png,135,"[-27.5153355, 152.92101716666667]"
images_00136.png,136,"[-27.515429166666667, 152.92114133333334]"
images_00137.png,137,"[-27.515521833333334, 152.921266]"
images_00138.png,138,"[-27.515614333333332, 152.92139266666666]"
images_00139.png,139,"[-27.515708166666666, 152.92151866666666]"
images_00140.png,140,"[-27.515802666666666, 152.92164333333332]"
images_00141.png,141,"[-27.515893333333334, 152.92176733333332]"
images_00142.png,142,"[-27.515980166666665, 152.92189216666668]"
images_00143.png,143,"[-27.5160665, 152.92201533333332]"
images_00144.png,144,"[-27.516138666666667, 152.92214683333333]"
images_00145.png,145,"[-27.516196166666667, 152.92228433333332]"
images_00146.png,146,"[-27.516239, 152.92243166666665]"
images_00147.png,147,"[-27.516268666666665, 152.92258183333334]"
images_00148.png,148,"[-27.5162805, 152.922731]"
images_00149.png,149,"[-27.516274, 152.92288033333332]"
images_00150.png,150,"[-27.516264833333334, 152.92302616666666]"
images_00151.png,151,"[-27.516255833333332, 152.92317183333333]"
images_00152.png,152,"[-27.5162535, 152.9233165]"
images_00153.png,153,"[-27.516262166666667, 152.923459]"
images_00154.png,154,"[-27.5162875, 152.92359383333334]"
images_00155.png,155,"[-27.516328, 152.92371466666665]"
images_00156.png,156,"[-27.516380333333334, 152.9238155]"
images_00157.png,157,"[-27.516440666666668, 152.92389616666668]"
images_00158.png,158,"[-27.516440666666668, 152.92389616666668]"
images_00159.png,159,"[-27.5165465, 152.9240315]"
images_00160.png,160,"[-27.5165465, 152.9240315]"
images_00161.png,161,"[-27.5165715, 152.92421333333334]"
images_00162.png,162,"[-27.516562, 152.92432133333332]"
images_00163.png,163,"[-27.516550166666665, 152.92443966666667]"
images_00164.png,164,"[-27.516536333333335, 152.92457133333335]"
images_00165.png,165,"[-27.516519666666667, 152.9247145]"
images_00166.png,166,"[-27.516493333333333, 152.9248685]"
images_00167.png,167,"[-27.516449833333333, 152.92502966666666]"
images_00168.png,168,"[-27.516386166666667, 152.92519183333334]"
images_00169.png,169,"[-27.5163125, 152.92535183333334]"
images_00170.png,170,"[-27.5162375, 152.9255105]"
images_00171.png,171,"[-27.516163166666665, 152.92566883333333]"
images_00172.png,172,"[-27.5160885, 152.92582733333333]"
images_00173.png,173,"[-27.516013833333332, 152.92598583333333]"
images_00174.png,174,"[-27.5159385, 152.92614316666666]"
images_00175.png,175,"[-27.515864166666667, 152.92629833333334]"
images_00176.png,176,"[-27.515791, 152.9264525]"
images_00177.png,177,"[-27.5157185, 152.92660633333332]"
images_00178.png,178,"[-27.515647166666668, 152.92675716666668]"
images_00179.png,179,"[-27.515577166666667, 152.9269075]"
images_00180.png,180,"[-27.515507333333332, 152.92706]"
images_00181.png,181,"[-27.515435833333335, 152.9272135]"
images_00182.png,182,"[-27.515362, 152.9273695]"
images_00183.png,183,"[-27.515286333333332, 152.92752933333333]"
images_00184.png,184,"[-27.515211, 152.92768816666666]"
images_00185.png,185,"[-27.515137333333332, 152.9278445]"
images_00186.png,186,"[-27.515065, 152.92800033333333]"
images_00187.png,187,"[-27.514992666666668, 152.92815783333333]"
images_00188.png,188,"[-27.514921, 152.92831733333333]"
images_00189.png,189,"[-27.514855, 152.9284805]"
images_00190.png,190,"[-27.514800166666667, 152.92864566666665]"
images_00191.png,191,"[-27.514759166666668, 152.928812]"
images_00192.png,192,"[-27.514728666666667, 152.928978]"
images_00193.png,193,"[-27.514710166666667, 152.9291405]"
images_00194.png,194,"[-27.514701833333334, 152.929298]"
images_00195.png,195,"[-27.514701333333335, 152.92945116666667]"
images_00196.png,196,"[-27.514703333333333, 152.92960083333332]"
images_00197.png,197,"[-27.514707, 152.92974783333332]"
images_00198.png,198,"[-27.514710666666666, 152.92988983333333]"
images_00199.png,199,"[-27.514711666666667, 152.93002966666666]"
images_00200.png,200,"[-27.514711833333333, 152.9301665]"
images_00201.png,201,"[-27.514713, 152.9303]"
images_00202.png,202,"[-27.514714, 152.93043166666666]"
images_00203.png,203,"[-27.5147125, 152.93056066666668]"
images_00204.png,204,"[-27.514708, 152.9306875]"
images_00205.png,205,"[-27.514699333333333, 152.9308105]"
images_00206.png,206,"[-27.514689, 152.9309275]"
images_00207.png,207,"[-27.514677, 152.93104083333333]"
images_00208.png,208,"[-27.514663666666667, 152.931159]"
images_00209.png,209,"[-27.514649833333333, 152.93129066666665]"
images_00210.png,210,"[-27.5146345, 152.93143416666666]"
images_00211.png,211,"[-27.514617333333334, 152.9315885]"
images_00212.png,212,"[-27.51459983333333, 152.93174466666667]"
images_00213.png,213,"[-27.5145815, 152.931901]"
images_00214.png,214,"[-27.5145625, 152.932057]"
images_00215.png,215,"[-27.514539833333334, 152.93221066666666]"
images_00216.png,216,"[-27.514508666666668, 152.93236216666668]"
images_00217.png,217,"[-27.514465, 152.93250883333334]"
images_00218.png,218,"[-27.514465, 152.93250883333334]"
images_00219.png,219,"[-27.514465, 152.93250883333334]"
images_00220.png,220,"[-27.514465, 152.93250883333334]"
images_00221.png,221,"[-27.514101333333333, 152.93295116666667]"
images_00222.png,222,"[-27.513969, 152.93300516666667]"
images_00223.png,223,"[-27.5138305, 152.93304833333335]"
images_00224.png,224,"[-27.513692, 152.93308733333333]"
images_00225.png,225,"[-27.51355433333333, 152.93312516666666]"
images_00226.png,226,"[-27.513418333333334, 152.93316433333334]"
images_00227.png,227,"[-27.513283833333332, 152.93320583333335]"
images_00228.png,228,"[-27.513151666666666, 152.93325233333334]"
images_00229.png,229,"[-27.5130205, 152.933306]"
images_00230.png,230,"[-27.5128905, 152.93336966666666]"
images_00231.png,231,"[-27.512762, 152.93343716666666]"
images_00232.png,232,"[-27.512635833333334, 152.93351266666667]"
images_00233.png,233,"[-27.51251316666667, 152.93359383333333]"
images_00234.png,234,"[-27.51239066666667, 152.93367333333333]"
images_00235.png,235,"[-27.512269, 152.93375883333334]"
images_00236.png,236,"[-27.512146666666666, 152.93384916666668]"
images_00237.png,237,"[-27.512023, 152.93395333333333]"
images_00238.png,238,"[-27.511896666666665, 152.93403366666666]"
images_00239.png,239,"[-27.5117705, 152.9341185]"
images_00240.png,240,"[-27.511646166666665, 152.9342055]"
images_00241.png,241,"[-27.511526, 152.9342955]"
images_00242.png,242,"[-27.511408, 152.93438683333332]"
images_00243.png,243,"[-27.511294499999998, 152.93448316666667]"
images_00244.png,244,"[-27.511186666666667, 152.93458]"
images_00245.png,245,"[-27.5110835, 152.93468916666666]"
images_00246.png,246,"[-27.510988333333334, 152.9348105]"
images_00247.png,247,"[-27.510900666666668, 152.93494]"
images_00248.png,248,"[-27.51082, 152.9350765]"
images_00249.png,249,"[-27.5107475, 152.93522033333332]"
images_00250.png,250,"[-27.510681833333333, 152.93536916666667]"
images_00251.png,251,"[-27.510627, 152.93552016666666]"
images_00252.png,252,"[-27.510582, 152.93567083333335]"
images_00253.png,253,"[-27.510548666666665, 152.935822]"
images_00254.png,254,"[-27.51052766666667, 152.935979]"
images_00255.png,255,"[-27.510506166666666, 152.9361345]"
images_00256.png,256,"[-27.5104825, 152.93628833333332]"
images_00257.png,257,"[-27.510460333333334, 152.93644466666666]"
images_00258.png,258,"[-27.510438, 152.9366005]"
images_00259.png,259,"[-27.510416333333332, 152.93675483333334]"
images_00260.png,260,"[-27.510392666666668, 152.9369075]"
images_00261.png,261,"[-27.51036433333333, 152.93705766666668]"
images_00262.png,262,"[-27.510332666666667, 152.93720333333334]"
images_00263.png,263,"[-27.510301, 152.937343]"
images_00264.png,264,"[-27.5102685, 152.93747266666668]"
images_00265.png,265,"[-27.510229666666667, 152.93759166666666]"
images_00266.png,266,"[-27.5101735, 152.93769483333332]"
images_00267.png,267,"[-27.510099166666667, 152.93777483333332]"
images_00268.png,268,"[-27.510007833333333, 152.93783216666668]"
images_00269.png,269,"[-27.5099035, 152.93787516666666]"
images_00270.png,270,"[-27.509791333333332, 152.93791783333333]"
images_00271.png,271,"[-27.509673833333334, 152.93796316666666]"
images_00272.png,272,"[-27.509558666666667, 152.9380055]"
images_00273.png,273,"[-27.5094535, 152.93804416666666]"
images_00274.png,274,"[-27.5094535, 152.93804416666666]"
images_00275.png,275,"[-27.509279333333332, 152.93811066666666]"
images_00276.png,276,"[-27.509279333333332, 152.93811066666666]"
images_00277.png,277,"[-27.509146333333334, 152.9381625]"
images_00278.png,278,"[-27.509146333333334, 152.9381625]"
images_00279.png,279,"[-27.509042166666667, 152.93820033333333]"
images_00280.png,280,"[-27.509042166666667, 152.93820033333333]"
images_00281.png,281,"[-27.509042166666667, 152.93820033333333]"
images_00282.png,282,"[-27.508933333333335, 152.9382385]"
images_00283.png,283,"[-27.508933333333335, 152.9382385]"
images_00284.png,284,"[-27.508933333333335, 152.9382385]"
images_00285.png,285,"[-27.508933333333335, 152.9382385]"
images_00286.png,286,"[-27.508838833333332, 152.9382725]"
images_00287.png,287,"[-27.508838833333332, 152.9382725]"
images_00288.png,288,"[-27.508838833333332, 152.9382725]"
images_00289.png,289,"[-27.508838833333332, 152.9382725]"
images_00290.png,290,"[-27.508838833333332, 152.9382725]"
images_00291.png,291,"[-27.508838833333332, 152.9382725]"
images_00292.png,292,"[-27.508838833333332, 152.9382725]"
images_00293.png,293,"[-27.508712, 152.93831683333335]"
images_00294.png,294,"[-27.508712, 152.93831683333335]"
images_00295.png,295,"[-27.508594666666667, 152.93836116666665]"
images_00296.png,296,"[-27.508594666666667, 152.93836116666665]"
images_00297.png,297,"[-27.5084335, 152.938422]"
images_00298.png,298,"[-27.5084335, 152.938422]"
images_00299.png,299,"[-27.508243666666665, 152.938493]"
images_00300.png,300,"[-27.508148, 152.93852816666666]"
images_00301.png,301,"[-27.5080535, 152.93856133333333]"
images_00302.png,302,"[-27.5080535, 152.93856133333333]"
images_00303.png,303,"[-27.507874, 152.93862566666667]"
images_00304.png,304,"[-27.507874, 152.93862566666667]"
images_00305.png,305,"[-27.507711666666665, 152.9387075]"
images_00306.png,306,"[-27.507711666666665, 152.9387075]"
images_00307.png,307,"[-27.5075955, 152.9387985]"
images_00308.png,308,"[-27.5075955, 152.9387985]"
images_00309.png,309,"[-27.5075955, 152.9387985]"
images_00310.png,310,"[-27.5075955, 152.9387985]"
images_00311.png,311,"[-27.5075955, 152.9387985]"
images_00312.png,312,"[-27.5075955, 152.9387985]"
images_00313.png,313,"[-27.5075955, 152.9387985]"
images_00314.png,314,"[-27.5075955, 152.9387985]"
images_00315.png,315,"[-27.5075955, 152.9387985]"
images_00316.png,316,"[-27.5075955, 152.9387985]"
images_00317.png,317,"[-27.5075955, 152.9387985]"
images_00318.png,318,"[-27.5075955, 152.9387985]"
images_00319.png,319,"[-27.5075955, 152.9387985]"
images_00320.png,320,"[-27.5075955, 152.9387985]"
images_00321.png,321,"[-27.5075955, 152.9387985]"
images_00322.png,322,"[-27.5075955, 152.9387985]"
images_00323.png,323,"[-27.5075955, 152.9387985]"
images_00324.png,324,"[-27.5075955, 152.9387985]"
images_00325.png,325,"[-27.5075955, 152.9387985]"
images_00326.png,326,"[-27.5075955, 152.9387985]"
images_00327.png,327,"[-27.5075955, 152.9387985]"
images_00328.png,328,"[-27.5075955, 152.9387985]"
images_00329.png,329,"[-27.5075955, 152.9387985]"
images_00330.png,330,"[-27.5075955, 152.9387985]"
images_00331.png,331,"[-27.5075955, 152.9387985]"
images_00332.png,332,"[-27.5075955, 152.9387985]"
images_00333.png,333,"[-27.5075955, 152.9387985]"
images_00334.png,334,"[-27.507512, 152.93886516666666]"
images_00335.png,335,"[-27.507512, 152.93886516666666]"
images_00336.png,336,"[-27.5074055, 152.9388535]"
images_00337.png,337,"[-27.5074055, 152.9388535]"
images_00338.png,338,"[-27.507312833333334, 152.938787]"
images_00339.png,339,"[-27.507312833333334, 152.938787]"
images_00340.png,340,"[-27.507312833333334, 152.938787]"
images_00341.png,341,"[-27.507254333333332, 152.938689]"
images_00342.png,342,"[-27.507254333333332, 152.938689]"
images_00343.png,343,"[-27.507254333333332, 152.938689]"
images_00344.png,344,"[-27.507254333333332, 152.938689]"
images_00345.png,345,"[-27.507254333333332, 152.938689]"
images_00346.png,346,"[-27.507254333333332, 152.938689]"
images_00347.png,347,"[-27.507254333333332, 152.938689]"
images_00348.png,348,"[-27.507254333333332, 152.938689]"
images_00349.png,349,"[-27.507254333333332, 152.938689]"
images_00350.png,350,"[-27.507254333333332, 152.938689]"
images_00351.png,351,"[-27.507254333333332, 152.938689]"
images_00352.png,352,"[-27.507254333333332, 152.938689]"
images_00353.png,353,"[-27.507254333333332, 152.938689]"
images_00354.png,354,"[-27.507254333333332, 152.938689]"
images_00355.png,355,"[-27.507254333333332, 152.938689]"
images_00356.png,356,"[-27.507254333333332, 152.938689]"
images_00357.png,357,"[-27.507254333333332, 152.938689]"
images_00358.png,358,"[-27.507254333333332, 152.938689]"
images_00359.png,359,"[-27.507254333333332, 152.938689]"
images_00360.png,360,"[-27.507254333333332, 152.938689]"
images_00361.png,361,"[-27.507254333333332, 152.938689]"
images_00362.png,362,"[-27.507254333333332, 152.938689]"
images_00363.png,363,"[-27.507254333333332, 152.938689]"
images_00364.png,364,"[-27.507254333333332, 152.938689]"
images_00365.png,365,"[-27.507254333333332, 152.938689]"
images_00366.png,366,"[-27.507254333333332, 152.938689]"
images_00367.png,367,"[-27.507195333333332, 152.93858966666667]"
images_00368.png,368,"[-27.507195333333332, 152.93858966666667]"
images_00369.png,369,"[-27.507120333333333, 152.93841866666668]"
images_00370.png,370,"[-27.5070875, 152.93831283333333]"
images_00371.png,371,"[-27.507055666666666, 152.9382]"
images_00372.png,372,"[-27.507023833333335, 152.93808266666667]"
images_00373.png,373,"[-27.506992666666665, 152.93795916666667]"
images_00374.png,374,"[-27.50696183333333, 152.9378315]"
images_00375.png,375,"[-27.506929666666668, 152.93770083333334]"
images_00376.png,376,"[-27.506897666666667, 152.93756683333334]"
images_00377.png,377,"[-27.506864166666666, 152.9374315]"
images_00378.png,378,"[-27.5068295, 152.93729416666667]"
images_00379.png,379,"[-27.506794666666668, 152.93715483333332]"
images_00380.png,380,"[-27.5067595, 152.93701466666667]"
images_00381.png,381,"[-27.506725833333334, 152.93687433333332]"
images_00382.png,382,"[-27.5066965, 152.93673683333333]"
images_00383.png,383,"[-27.506677333333332, 152.936597]"
images_00384.png,384,"[-27.506671666666666, 152.93645433333333]"
images_00385.png,385,"[-27.5066745, 152.93631116666666]"
images_00386.png,386,"[-27.506679, 152.93616666666668]"
images_00387.png,387,"[-27.506683166666665, 152.936022]"
images_00388.png,388,"[-27.506686333333334, 152.93587616666667]"
images_00389.png,389,"[-27.506685666666666, 152.9357295]"
images_00390.png,390,"[-27.506677333333332, 152.93558383333334]"
images_00391.png,391,"[-27.506658, 152.93543916666667]"
images_00392.png,392,"[-27.506632333333332, 152.93529683333333]"
images_00393.png,393,"[-27.506608666666665, 152.935153]"
images_00394.png,394,"[-27.506582333333334, 152.93500766666668]"
images_00395.png,395,"[-27.50655666666667, 152.93486016666668]"
images_00396.png,396,"[-27.506532833333335, 152.93471116666666]"
images_00397.png,397,"[-27.50651, 152.934561]"
images_00398.png,398,"[-27.50651, 152.934561]"
images_00399.png,399,"[-27.50651, 152.934561]"
images_00400.png,400,"[-27.50651, 152.934561]"
images_00401.png,401,"[-27.50633, 152.93399083333333]"
images_00402.png,402,"[-27.5062525, 152.9338615]"
images_00403.png,403,"[-27.506158666666668, 152.93374283333333]"
images_00404.png,404,"[-27.506055833333335, 152.93362866666666]"
images_00405.png,405,"[-27.505947666666668, 152.9335135]"
images_00406.png,406,"[-27.505837666666668, 152.933399]"
images_00407.png,407,"[-27.505728166666668, 152.93328583333334]"
images_00408.png,408,"[-27.505618833333333, 152.93317516666667]"
images_00409.png,409,"[-27.505509166666666, 152.93306833333332]"
images_00410.png,410,"[-27.505405, 152.9329645]"
images_00411.png,411,"[-27.505306, 152.9328605]"
images_00412.png,412,"[-27.5052065, 152.93276133333333]"
images_00413.png,413,"[-27.505110666666667, 152.93266166666666]"
images_00414.png,414,"[-27.505012, 152.93256616666667]"
images_00415.png,415,"[-27.504911666666665, 152.932468]"
images_00416.png,416,"[-27.5048105, 152.932364]"
images_00417.png,417,"[-27.504708833333332, 152.93225766666666]"
images_00418.png,418,"[-27.504603333333332, 152.93215666666666]"
images_00419.png,419,"[-27.504493333333333, 152.9320635]"
images_00420.png,420,"[-27.50438116666667, 152.93197483333333]"
images_00421.png,421,"[-27.50426, 152.93189933333332]"
images_00422.png,422,"[-27.504131833333332, 152.931834]"
images_00423.png,423,"[-27.503997833333333, 152.93179183333334]"
images_00424.png,424,"[-27.503860333333332, 152.93176166666666]"
images_00425.png,425,"[-27.503722333333332, 152.9317385]"
images_00426.png,426,"[-27.503586, 152.93171483333333]"
images_00427.png,427,"[-27.503448833333334, 152.93168733333334]"
images_00428.png,428,"[-27.503311666666665, 152.9316585]"
images_00429.png,429,"[-27.503174666666666, 152.9316265]"
images_00430.png,430,"[-27.503036666666667, 152.93159216666666]"
images_00431.png,431,"[-27.502896, 152.93155616666667]"
images_00432.png,432,"[-27.502754333333332, 152.931519]"
images_00433.png,433,"[-27.502613, 152.93148016666666]"
images_00434.png,434,"[-27.5024725, 152.93144466666666]"
images_00435.png,435,"[-27.502334166666667, 152.93141216666666]"
images_00436.png,436,"[-27.502196666666666, 152.9313835]"
images_00437.png,437,"[-27.502066, 152.931343]"
images_00438.png,438,"[-27.501944833333333, 152.93128633333333]"
images_00439.png,439,"[-27.5018365, 152.93120733333333]"
images_00440.png,440,"[-27.501737, 152.9311185]"
images_00441.png,441,"[-27.501647, 152.93101516666667]"
images_00442.png,442,"[-27.50156683333333, 152.93090083333334]"
images_00443.png,443,"[-27.501497666666666, 152.93077183333332]"
images_00444.png,444,"[-27.501435333333333, 152.9306345]"
images_00445.png,445,"[-27.50137416666667, 152.930492]"
images_00446.png,446,"[-27.501313833333334, 152.93034633333335]"
images_00447.png,447,"[-27.501254833333334, 152.93020566666667]"
images_00448.png,448,"[-27.501193, 152.93006966666667]"
images_00449.png,449,"[-27.501123333333332, 152.92994033333332]"
images_00450.png,450,"[-27.501041666666666, 152.929821]"
images_00451.png,451,"[-27.500948333333334, 152.9297125]"
images_00452.png,452,"[-27.5008425, 152.9296155]"
images_00453.png,453,"[-27.5007255, 152.92952933333333]"
images_00454.png,454,"[-27.500599666666666, 152.92945816666668]"
images_00455.png,455,"[-27.500467666666665, 152.92940266666668]"
images_00456.png,456,"[-27.500329333333333, 152.92936033333334]"
images_00457.png,457,"[-27.50019066666667, 152.92932433333334]"
images_00458.png,458,"[-27.50005133333333, 152.92929]"
images_00459.png,459,"[-27.499912666666667, 152.92925233333332]"
images_00460.png,460,"[-27.499774833333333, 152.9292095]"
images_00461.png,461,"[-27.499637833333335, 152.92916083333333]"
images_00462.png,462,"[-27.4994995, 152.9291075]"
images_00463.png,463,"[-27.49936, 152.92905]"
images_00464.png,464,"[-27.4992205, 152.9289915]"
images_00465.png,465,"[-27.499085666666666, 152.92893483333333]"
images_00466.png,466,"[-27.4989525, 152.92887916666666]"
images_00467.png,467,"[-27.498821833333334, 152.92882716666668]"
images_00468.png,468,"[-27.498692, 152.92877283333334]"
images_00469.png,469,"[-27.498562333333332, 152.92872066666666]"
images_00470.png,470,"[-27.498432, 152.92866883333335]"
images_00471.png,471,"[-27.4983015, 152.92861616666667]"
images_00472.png,472,"[-27.4981715, 152.92856316666666]"
images_00473.png,473,"[-27.498043166666665, 152.92850916666666]"
images_00474.png,474,"[-27.497912499999998, 152.92845633333334]"
images_00475.png,475,"[-27.497778666666665, 152.92840083333334]"
images_00476.png,476,"[-27.497642666666668, 152.928345]"
images_00477.png,477,"[-27.4975105, 152.92828783333334]"
images_00478.png,478,"[-27.49738066666667, 152.92822933333332]"
images_00479.png,479,"[-27.497255166666665, 152.92816033333332]"
images_00480.png,480,"[-27.497139166666667, 152.92807633333334]"
images_00481.png,481,"[-27.497035333333333, 152.92797883333333]"
images_00482.png,482,"[-27.496942833333332, 152.92786683333333]"
images_00483.png,483,"[-27.496859666666666, 152.927744]"
images_00484.png,484,"[-27.496780166666667, 152.927617]"
images_00485.png,485,"[-27.496702, 152.9274905]"
images_00486.png,486,"[-27.496626833333334, 152.92735766666667]"
images_00487.png,487,"[-27.4965565, 152.92722383333333]"
images_00488.png,488,"[-27.496497666666667, 152.927082]"
images_00489.png,489,"[-27.4964505, 152.926934]"
images_00490.png,490,"[-27.496423833333335, 152.92678083333334]"
images_00491.png,491,"[-27.49641383333333, 152.92662633333333]"
images_00492.png,492,"[-27.496418, 152.92647266666665]"
images_00493.png,493,"[-27.496441166666667, 152.92632016666667]"
images_00494.png,494,"[-27.496473, 152.926168]"
images_00495.png,495,"[-27.496508833333333, 152.92601583333334]"
images_00496.png,496,"[-27.496542166666668, 152.9258655]"
images_00497.png,497,"[-27.496574166666665, 152.92572083333334]"
images_00498.png,498,"[-27.496598666666667, 152.92557166666666]"
images_00499.png,499,"[-27.496609166666666, 152.92541933333334]"
images_00500.png,500,"[-27.496602333333332, 152.925265]"
images_00501.png,501,"[-27.496581, 152.925113]"
images_00502.png,502,"[-27.496540166666666, 152.92496483333332]"
images_00503.png,503,"[-27.496487166666668, 152.92482116666667]"
images_00504.png,504,"[-27.4964325, 152.92467666666667]"
images_00505.png,505,"[-27.496388833333334, 152.92452716666668]"
images_00506.png,506,"[-27.4963595, 152.92436933333335]"
images_00507.png,507,"[-27.4963505, 152.92420366666667]"
images_00508.png,508,"[-27.496365, 152.92403766666666]"
images_00509.png,509,"[-27.496393, 152.92387466666668]"
images_00510.png,510,"[-27.4964265, 152.92371666666668]"
images_00511.png,511,"[-27.4964595, 152.92355983333334]"
images_00512.png,512,"[-27.496493333333333, 152.92340216666668]"
images_00513.png,513,"[-27.4965265, 152.92324466666668]"
images_00514.png,514,"[-27.4965575, 152.92309033333333]"
images_00515.png,515,"[-27.496587833333333, 152.9229385]"
images_00516.png,516,"[-27.496618333333334, 152.92278633333333]"
images_00517.png,517,"[-27.49664883333333, 152.92263616666668]"
images_00518.png,518,"[-27.496679, 152.92248283333333]"
images_00519.png,519,"[-27.496709166666665, 152.92232866666666]"
images_00520.png,520,"[-27.496739333333334, 152.92217616666667]"
images_00521.png,521,"[-27.4967685, 152.9220245]"
images_00522.png,522,"[-27.4967975, 152.92187183333334]"
images_00523.png,523,"[-27.496827, 152.92171916666666]"
images_00524.png,524,"[-27.496856833333332, 152.921567]"
images_00525.png,525,"[-27.496887166666667, 152.92141516666666]"
images_00526.png,526,"[-27.496918166666667, 152.92126283333334]"
images_00527.png,527,"[-27.496950333333334, 152.9211095]"
images_00528.png,528,"[-27.496980833333332, 152.9209555]"
images_00529.png,529,"[-27.497011, 152.92079983333332]"
images_00530.png,530,"[-27.497035833333335, 152.9206405]"
images_00531.png,531,"[-27.497050833333333, 152.92047883333333]"
images_00532.png,532,"[-27.4970535, 152.92031683333335]"
images_00533.png,533,"[-27.4970405, 152.9201645]"
images_00534.png,534,"[-27.497012666666667, 152.92002566666667]"
images_00535.png,535,"[-27.496972666666668, 152.91990883333332]"
images_00536.png,536,"[-27.496934333333332, 152.91981483333333]"
images_00537.png,537,"[-27.496934333333332, 152.91981483333333]"
images_00538.png,538,"[-27.496906166666665, 152.91966716666667]"
images_00539.png,539,"[-27.496906166666665, 152.91966716666667]"
images_00540.png,540,"[-27.496991666666666, 152.9195685]"
images_00541.png,541,"[-27.496991666666666, 152.9195685]"
images_00542.png,542,"[-27.497141166666665, 152.919515]"
images_00543.png,543,"[-27.497141166666665, 152.919515]"
images_00544.png,544,"[-27.497321499999998, 152.91945066666668]"
images_00545.png,545,"[-27.4974205, 152.91941566666668]"
images_00546.png,546,"[-27.497524333333335, 152.91937966666666]"
images_00547.png,547,"[-27.4976325, 152.91934033333334]"
images_00548.png,548,"[-27.497744666666666, 152.91929733333333]"
images_00549.png,549,"[-27.4978575, 152.91924866666668]"
images_00550.png,550,"[-27.49796733333333, 152.91919133333334]"
images_00551.png,551,"[-27.498069833333332, 152.919124]"
images_00552.png,552,"[-27.498171833333334, 152.91905583333335]"
images_00553.png,553,"[-27.498267666666667, 152.9189825]"
images_00554.png,554,"[-27.498361833333334, 152.91889966666668]"
images_00555.png,555,"[-27.498454833333334, 152.9188175]"
images_00556.png,556,"[-27.4985465, 152.91873233333334]"
images_00557.png,557,"[-27.498639833333332, 152.91865316666667]"
images_00558.png,558,"[-27.498735, 152.91857116666668]"
images_00559.png,559,"[-27.49883, 152.91848933333333]"
images_00560.png,560,"[-27.498925166666666, 152.91840416666668]"
images_00561.png,561,"[-27.499020333333334, 152.9183205]"
images_00562.png,562,"[-27.499113833333332, 152.91823466666668]"
images_00563.png,563,"[-27.499213166666667, 152.91816616666668]"
images_00564.png,564,"[-27.499317, 152.91811183333334]"
images_00565.png,565,"[-27.499425, 152.91806533333335]"
images_00566.png,566,"[-27.499533166666666, 152.91802616666666]"
images_00567.png,567,"[-27.499641166666667, 152.91798333333332]"
images_00568.png,568,"[-27.499751, 152.91794183333334]"
images_00569.png,569,"[-27.499863333333334, 152.91790066666667]"
images_00570.png,570,"[-27.499978666666667, 152.917859]"
images_00571.png,571,"[-27.500093166666666, 152.9178145]"
images_00572.png,572,"[-27.5002065, 152.917773]"
images_00573.png,573,"[-27.500310833333334, 152.91773666666666]"
images_00574.png,574,"[-27.500310833333334, 152.91773666666666]"
images_00575.png,575,"[-27.500470666666665, 152.9176805]"
images_00576.png,576,"[-27.500470666666665, 152.9176805]"
images_00577.png,577,"[-27.500470666666665, 152.9176805]"
images_00578.png,578,"[-27.500470666666665, 152.9176805]"
images_00579.png,579,"[-27.500470666666665, 152.9176805]"
images_00580.png,580,"[-27.500470666666665, 152.9176805]"
images_00581.png,581,"[-27.5006345, 152.91758766666666]"
images_00582.png,582,"[-27.5006345, 152.91758766666666]"
images_00583.png,583,"[-27.500652333333335, 152.91746233333333]"
images_00584.png,584,"[-27.500652333333335, 152.91746233333333]"
images_00585.png,585,"[-27.500627666666666, 152.917294]"
images_00586.png,586,"[-27.500627666666666, 152.917294]"
images_00587.png,587,"[-27.500597833333334, 152.9170875]"
images_00588.png,588,"[-27.5005805, 152.91697333333335]"
images_00589.png,589,"[-27.500566166666665, 152.9168555]"
images_00590.png,590,"[-27.500545333333335, 152.91674016666667]"
images_00591.png,591,"[-27.500524333333335, 152.91662433333335]"
images_00592.png,592,"[-27.500501333333332, 152.91650516666667]"
images_00593.png,593,"[-27.500477333333333, 152.91639083333334]"
images_00594.png,594,"[-27.500453833333335, 152.9162825]"
images_00595.png,595,"[-27.500432666666665, 152.9161735]"
images_00596.png,596,"[-27.500414, 152.91606283333334]"
images_00597.png,597,"[-27.5003905, 152.91594816666668]"
images_00598.png,598,"[-27.500371, 152.91583016666667]"
images_00599.png,599,"[-27.500350833333332, 152.91571083333332]"
images_00600.png,600,"[-27.500332166666666, 152.91559516666666]"
images_00601.png,601,"[-27.500318166666666, 152.91548816666668]"
images_00602.png,602,"[-27.500318166666666, 152.91548816666668]"
images_00603.png,603,"[-27.500298333333333, 152.91530633333332]"
images_00604.png,604,"[-27.500298333333333, 152.91530633333332]"
images_00605.png,605,"[-27.500288, 152.91519866666667]"
images_00606.png,606,"[-27.500288, 152.91519866666667]"
images_00607.png,607,"[-27.500271166666668, 152.91508316666668]"
images_00608.png,608,"[-27.500271166666668, 152.91508316666668]"
images_00609.png,609,"[-27.500245, 152.91492066666666]"
images_00610.png,610,"[-27.500245, 152.91492066666666]"
images_00611.png,611,"[-27.500212833333332, 152.91472816666666]"
images_00612.png,612,"[-27.500212833333332, 152.91472816666666]"
images_00613.png,613,"[-27.500188833333333, 152.9145715]"
images_00614.png,614,"[-27.500188833333333, 152.9145715]"
images_00615.png,615,"[-27.500188833333333, 152.9145715]"
images_00616.png,616,"[-27.5001795, 152.9144535]"
images_00617.png,617,"[-27.5001795, 152.9144535]"
images_00618.png,618,"[-27.5001795, 152.9144535]"
images_00619.png,619,"[-27.5001795, 152.9144535]"
images_00620.png,620,"[-27.5001795, 152.9144535]"
images_00621.png,621,"[-27.5002465, 152.91436283333334]"
images_00622.png,622,"[-27.5002465, 152.91436283333334]"
images_00623.png,623,"[-27.500368833333333, 152.9143125]"
images_00624.png,624,"[-27.500368833333333, 152.9143125]"
images_00625.png,625,"[-27.500542666666668, 152.91424666666666]"
images_00626.png,626,"[-27.500644666666666, 152.9142085]"
images_00627.png,627,"[-27.500756666666668, 152.91416683333333]"
images_00628.png,628,"[-27.5008755, 152.91412066666666]"
images_00629.png,629,"[-27.5010045, 152.9140725]"
images_00630.png,630,"[-27.5011385, 152.91402316666668]"
images_00631.png,631,"[-27.501272833333335, 152.91397283333333]"
images_00632.png,632,"[-27.501405166666668, 152.913923]"
images_00633.png,633,"[-27.501536333333334, 152.913872]"
images_00634.png,634,"[-27.501665833333334, 152.91381833333332]"
images_00635.png,635,"[-27.5017915, 152.91376033333333]"
images_00636.png,636,"[-27.5019125, 152.91370116666667]"
images_00637.png,637,"[-27.502033833333332, 152.91364366666667]"
images_00638.png,638,"[-27.5021555, 152.91358533333334]"
images_00639.png,639,"[-27.502280333333335, 152.91352633333332]"
images_00640.png,640,"[-27.502403833333332, 152.91346866666666]"
images_00641.png,641,"[-27.502526166666666, 152.9134145]"
images_00642.png,642,"[-27.502649833333333, 152.913359]"
images_00643.png,643,"[-27.5027745, 152.913305]"
images_00644.png,644,"[-27.502904166666667, 152.91325183333333]"
images_00645.png,645,"[-27.503036833333333, 152.9132075]"
images_00646.png,646,"[-27.503173666666665, 152.91317583333333]"
images_00647.png,647,"[-27.5033125, 152.91316216666667]"
images_00648.png,648,"[-27.503453666666665, 152.91316166666667]"
images_00649.png,649,"[-27.503593333333335, 152.91317516666666]"
images_00650.png,650,"[-27.503733666666665, 152.913204]"
images_00651.png,651,"[-27.5038685, 152.91325083333334]"
images_00652.png,652,"[-27.503999, 152.9133085]"
images_00653.png,653,"[-27.504122666666667, 152.91337983333332]"
images_00654.png,654,"[-27.5042385, 152.91346366666667]"
images_00655.png,655,"[-27.504347166666665, 152.91355783333333]"
images_00656.png,656,"[-27.504452333333333, 152.91365433333334]"
images_00657.png,657,"[-27.504555833333335, 152.91374833333333]"
images_00658.png,658,"[-27.504661666666667, 152.913837]"
images_00659.png,659,"[-27.504773, 152.9139195]"
images_00660.png,660,"[-27.50489, 152.91399316666667]"
images_00661.png,661,"[-27.505012666666666, 152.9140635]"
images_00662.png,662,"[-27.505141666666667, 152.91412783333334]"
images_00663.png,663,"[-27.505274166666666, 152.91419233333335]"
images_00664.png,664,"[-27.505408833333334, 152.914257]"
images_00665.png,665,"[-27.505543666666668, 152.914322]"
images_00666.png,666,"[-27.50568, 152.91438633333334]"
images_00667.png,667,"[-27.505813833333335, 152.91445]"
images_00668.png,668,"[-27.505943333333335, 152.91451183333334]"
images_00669.png,669,"[-27.5060705, 152.91457266666666]"
images_00670.png,670,"[-27.506197833333335, 152.9146305]"
images_00671.png,671,"[-27.506327, 152.914683]"
images_00672.png,672,"[-27.506457666666666, 152.91473166666665]"
images_00673.png,673,"[-27.506589333333334, 152.914776]"
images_00674.png,674,"[-27.506718666666668, 152.91481616666667]"
images_00675.png,675,"[-27.5068415, 152.91485233333333]"
images_00676.png,676,"[-27.5069525, 152.9148835]"
images_00677.png,677,"[-27.5069525, 152.9148835]"
images_00678.png,678,"[-27.507127666666666, 152.914924]"
images_00679.png,679,"[-27.507127666666666, 152.914924]"
images_00680.png,680,"[-27.507243333333335, 152.914908]"
images_00681.png,681,"[-27.507243333333335, 152.914908]"
images_00682.png,682,"[-27.507290166666667, 152.914798]"
images_00683.png,683,"[-27.507290166666667, 152.914798]"
images_00684.png,684,"[-27.507263333333334, 152.91462483333333]"
images_00685.png,685,"[-27.5072465, 152.91451916666668]"
images_00686.png,686,"[-27.507229166666665, 152.91440583333332]"
images_00687.png,687,"[-27.507211833333333, 152.91428833333333]"
images_00688.png,688,"[-27.507194166666668, 152.91416816666666]"
images_00689.png,689,"[-27.507177, 152.914048]"
images_00690.png,690,"[-27.507156, 152.91392816666666]"
images_00691.png,691,"[-27.5071335, 152.91380866666665]"
images_00692.png,692,"[-27.5071065, 152.913686]"
images_00693.png,693,"[-27.507078333333332, 152.91356233333335]"
images_00694.png,694,"[-27.507055666666666, 152.91343583333332]"
images_00695.png,695,"[-27.5070365, 152.913306]"
images_00696.png,696,"[-27.507020333333333, 152.913173]"
images_00697.png,697,"[-27.507006666666665, 152.91304066666666]"
images_00698.png,698,"[-27.5069925, 152.912906]"
images_00699.png,699,"[-27.506974166666666, 152.91277383333335]"
images_00700.png,700,"[-27.5069545, 152.91264266666667]"
images_00701.png,701,"[-27.5069355, 152.91251216666666]"
images_00702.png,702,"[-27.5069175, 152.91238016666668]"
images_00703.png,703,"[-27.506898833333334, 152.91224483333335]"
images_00704.png,704,"[-27.506876833333333, 152.91210566666666]"
images_00705.png,705,"[-27.506855166666668, 152.91196666666667]"
images_00706.png,706,"[-27.506834, 152.911833]"
images_00707.png,707,"[-27.506814, 152.9117045]"
images_00708.png,708,"[-27.506795, 152.91158133333334]"
images_00709.png,709,"[-27.506777666666668, 152.91146516666666]"
images_00710.png,710,"[-27.506762666666667, 152.91136066666667]"
images_00711.png,711,"[-27.506762666666667, 152.91136066666667]"
images_00712.png,712,"[-27.506739666666668, 152.9111915]"
images_00713.png,713,"[-27.506739666666668, 152.9111915]"
images_00714.png,714,"[-27.506721666666667, 152.91107666666667]"
images_00715.png,715,"[-27.506721666666667, 152.91107666666667]"
images_00716.png,716,"[-27.506721666666667, 152.91107666666667]"
images_00717.png,717,"[-27.506721666666667, 152.91107666666667]"
images_00718.png,718,"[-27.506721666666667, 152.91107666666667]"
images_00719.png,719,"[-27.506721666666667, 152.91107666666667]"
images_00720.png,720,"[-27.506721666666667, 152.91107666666667]"
images_00721.png,721,"[-27.506721666666667, 152.91107666666667]"
images_00722.png,722,"[-27.506721666666667, 152.91107666666667]"
images_00723.png,723,"[-27.506721666666667, 152.91107666666667]"
